{"g1": {"min": 0.20601565718994658, "max": 478.10999999999984}, "g3": {"min": 11.537364386944832, "max": 16.50206442626124}}