{
    "params": {
        "objective": "binary:logistic",
        "eval_metric": "aucpr",
        "initial_lr": 0.08831754693652387,
        "final_lr": 0.0004675271411270875,
        "tree_method": "hist",
        "gamma": 0.3351692510577413,
        "max_depth": 12,
        "min_child_weight": 6.303207843149771,
        "subsample": 0.8836578175745431,
        "colsample_bytree": 0.9724413789373557,
        "lambda": 17.234527457419027,
        "alpha": 3.06097821492469,
        "threshold": 0.49750474035292414
    },
    "threshold": 0.49750474035292414
}