{
    "params": {
        "objective": "binary:logistic",
        "eval_metric": "aucpr",
        "initial_lr": 0.07869880502869887,
        "final_lr": 0.00011589617954857881,
        "tree_method": "hist",
        "gamma": 1.1927866209322335,
        "max_depth": 8,
        "min_child_weight": 5.650002446800288,
        "subsample": 0.8658368655728103,
        "colsample_bytree": 0.6817540546107969,
        "lambda": 18.786724391481954,
        "alpha": 1.9468113167607668,
        "threshold": 0.3692840492814496
    },
    "threshold": 0.3692840492814496
}