epoch,step,train_backcast_loss_epoch,train_backcast_loss_step,train_forecast_loss_epoch,train_forecast_loss_step,train_loss_epoch,train_loss_step,val_MAE,val_MAPE,val_MASE,val_RMSE,val_SMAPE,val_backcast_loss,val_forecast_loss,val_loss
0,49,,0.7236797213554382,,9.40894603729248,,9.40894603729248,,,,,,,,
0,99,,0.743112325668335,,8.129673957824707,,8.129673957824707,,,,,,,,
0,119,,,,,,,0.4286435544490814,0.0010207921732217073,1.8596521615982056,0.5238252878189087,0.0010207495652139187,0.9370725154876709,1.8596521615982056,1.8596521615982056
0,119,0.782030463218689,,8.696008682250977,,8.696008682250977,,,,,,,,,
1,149,,0.8371420502662659,,9.183690071105957,,9.183690071105957,,,,,,,,
1,199,,0.7192955613136292,,8.83477783203125,,8.83477783203125,,,,,,,,
1,239,,,,,,,0.37291207909584045,0.0008883915725164115,1.617863655090332,0.513063371181488,0.000888062349986285,0.9468981623649597,1.617863655090332,1.617863655090332
1,239,0.7787616848945618,,8.631671905517578,,8.631671905517578,,,,,,,,,
2,249,,0.7335436940193176,,10.250458717346191,,10.250458717346191,,,,,,,,
